{
  "accuracy": [
    0.7788888812065125,
    0.8777777552604675,
    0.8777777552604675,
    0.9100000262260437,
    0.9266666769981384,
    0.9311110973358154,
    0.9300000071525574,
    0.9288889169692993,
    0.9399999976158142
  ],
  "loss": [
    0.6696112155914307,
    0.43179821968078613,
    0.4387725591659546,
    0.3017534017562866,
    0.29195699095726013,
    0.23803184926509857,
    0.28299787640571594,
    0.255811482667923,
    0.20442678034305573
  ],
  "precision": [
    0.7948718070983887,
    0.8805803656578064,
    0.8815642595291138,
    0.9130434989929199,
    0.9276169538497925,
    0.9320712685585022,
    0.929844081401825,
    0.9288889169692993,
    0.9431437849998474
  ],
  "recall": [
    0.757777750492096,
    0.8766666650772095,
    0.8766666650772095,
    0.9100000262260437,
    0.9255555272102356,
    0.9300000071525574,
    0.9277777671813965,
    0.9288889169692993,
    0.9399999976158142
  ],
  "val_accuracy": [
    0.3333333432674408,
    0.3333333432674408,
    0.3333333432674408,
    0.3333333432674408,
    0.3333333432674408,
    0.3333333432674408,
    0.3333333432674408,
    0.3333333432674408,
    0.3333333432674408
  ],
  "val_loss": [
    2.0580437183380127,
    3.8083105087280273,
    5.505231857299805,
    4.434094429016113,
    7.107696056365967,
    6.835361480712891,
    5.287686824798584,
    5.045621395111084,
    5.084901332855225
  ],
  "val_precision": [
    0.3333333432674408,
    0.3333333432674408,
    0.3333333432674408,
    0.3333333432674408,
    0.3333333432674408,
    0.3333333432674408,
    0.3333333432674408,
    0.3333333432674408,
    0.3333333432674408
  ],
  "val_recall": [
    0.3333333432674408,
    0.3333333432674408,
    0.3333333432674408,
    0.3333333432674408,
    0.3333333432674408,
    0.3333333432674408,
    0.3333333432674408,
    0.3333333432674408,
    0.3333333432674408
  ],
  "learning_rate": [
    0.0010000000474974513,
    0.0010000000474974513,
    0.0010000000474974513,
    0.0010000000474974513,
    0.0010000000474974513,
    0.0005000000237487257,
    0.0005000000237487257,
    0.0005000000237487257,
    0.0005000000237487257
  ]
}